character,relationship,relative,url
Daniel Kahnwald,Daughter,Ines Kahnwald,/wiki/Ines_Kahnwald
Daniel Kahnwald,Adoptive Grandson,Michael Kahnwald,/wiki/Michael_Kahnwald
Daniel Kahnwald,Adoptive Granddaughter In-Law,Hannah Kahnwald,/wiki/Hannah_Kahnwald
Daniel Kahnwald,Adoptive Great-Grandson,Jonas Kahnwald,/wiki/Jonas_Kahnwald
Hannah Kahnwald,father,Sebastian Krüger,/wiki/Sebastian_Kr%C3%BCger
Hannah Kahnwald,husband/great-great-great-grandson,Michael Kahnwald,/wiki/Michael_Kahnwald
Hannah Kahnwald,son,Jonas Kahnwald,/wiki/Jonas_Kahnwald
Hannah Kahnwald,daughter,Silja Tiedemann,/wiki/Silja_Tiedemann
Hannah Kahnwald,grandson,The Unknown,/wiki/The_Unknown
Hannah Kahnwald,grandson,Hanno Tauber,/wiki/Hanno_Tauber
Hannah Kahnwald,granddaughter,Agnes Nielsen,/wiki/Agnes_Nielsen
Hannah Kahnwald,great-grandson,Tronte Nielsen,/wiki/Tronte_Nielsen
Hannah Kahnwald,great-granddaughter,Charlotte Doppler,/wiki/Charlotte_Doppler
Hannah Kahnwald,great-great-grandson/father-in-law/former affair,Ulrich Nielsen,/wiki/Ulrich_Nielsen
Hannah Kahnwald,great-great-grandson,Mads Nielsen,/wiki/Mads_Nielsen
Hannah Kahnwald,great-great-granddaughter,Charlotte Doppler,/wiki/Charlotte_Doppler
Hannah Kahnwald,great-great-great-granddaughter/sister-in-law,Martha Nielsen,/wiki/Martha_Nielsen
Hannah Kahnwald,great-great-great-grandson/brother-in-law,Magnus Nielsen,/wiki/Magnus_Nielsen
Hannah Kahnwald,great-great-great-granddaughter,Franziska Doppler,/wiki/Franziska_Doppler
Hannah Kahnwald,great-great-great-granddaughter,Elisabeth Doppler,/wiki/Elisabeth_Doppler
Hannah Kahnwald,adoptive mother-in-law,Ines Kahnwald,/wiki/Ines_Kahnwald
Hannah Kahnwald,mother-in-law,Katharina Nielsen,/wiki/Katharina_Nielsen
Hannah Kahnwald,affair/lover in 1956,Egon Tiedemann,/wiki/Egon_Tiedemann
Hannah Kahnwald,loverOriginal World,Torben Wöller,/wiki/Torben_W%C3%B6ller
Hannah Kahnwald,Original World,Original World,/wiki/Original_World
Ines Kahnwald,father,Daniel Kahnwald,/wiki/Daniel_Kahnwald
Ines Kahnwald,adoptive son,Michael Kahnwald,/wiki/Michael_Kahnwald
Ines Kahnwald,adoptive grandson,Jonas Kahnwald,/wiki/Jonas_Kahnwald
Ines Kahnwald,adoptive daugther-in-law,Hannah Kahnwald,/wiki/Hannah_Kahnwald
Michael Kahnwald,Wife,Hannah Kahnwald,/wiki/Hannah_Kahnwald
Michael Kahnwald,Son,Jonas Kahnwald,/wiki/Jonas_Kahnwald
Michael Kahnwald,Father,Ulrich Nielsen,/wiki/Ulrich_Nielsen
Michael Kahnwald,Mother,Katharina Nielsen,/wiki/Katharina_Nielsen
Michael Kahnwald,Adoptive Mother,Ines Kahnwald,/wiki/Ines_Kahnwald
Michael Kahnwald,Grandfather,Tronte Nielsen,/wiki/Tronte_Nielsen
Michael Kahnwald,Grandmother,Jana Nielsen,/wiki/Jana_Nielsen
Michael Kahnwald,Sister,Martha Nielsen,/wiki/Martha_Nielsen
Michael Kahnwald,Brother,Magnus Nielsen,/wiki/Magnus_Nielsen
Michael Kahnwald,Uncle,Mads Nielsen,/wiki/Mads_Nielsen
Michael Kahnwald,Great-grandmother,Agnes Nielsen,/wiki/Agnes_Nielsen
Michael Kahnwald,Great-grand-uncle,Noah,/wiki/Noah
Michael Kahnwald,First cousin; twice removed,Charlotte Doppler,/wiki/Charlotte_Doppler
Michael Kahnwald,Second cousin; once removed,Franziska Doppler,/wiki/Franziska_Doppler
Michael Kahnwald,Second cousin; once removed,Elisabeth Doppler,/wiki/Elisabeth_Doppler
Sebastian Krüger,daughter,Hannah Kahnwald,/wiki/Hannah_Kahnwald
Sebastian Krüger,son-in-law/great-great-great-great-grandson,Michael Kahnwald,/wiki/Michael_Kahnwald
Sebastian Krüger,grandson,Jonas Kahnwald,/wiki/Jonas_Kahnwald
Sebastian Krüger,granddaughter,Silja Tiedemann,/wiki/Silja_Tiedemann
Sebastian Krüger,great-grandson,Hanno Tauber,/wiki/Hanno_Tauber
Sebastian Krüger,great-granddaughter,Agnes Nielsen,/wiki/Agnes_Nielsen
Sebastian Krüger,great-great-grandson,Tronte Nielsen,/wiki/Tronte_Nielsen
Sebastian Krüger,great-great-granddaughter,Charlotte Doppler,/wiki/Charlotte_Doppler
Sebastian Krüger,great-great-great-grandson,Ulrich Nielsen,/wiki/Ulrich_Nielsen
Sebastian Krüger,great-great-great-grandson,Mads Nielsen,/wiki/Mads_Nielsen
Sebastian Krüger,great-great-great-granddaughter,Franziska Doppler,/wiki/Franziska_Doppler
Sebastian Krüger,great-great-great-granddaughter,Elisabeth Doppler,/wiki/Elisabeth_Doppler
Sebastian Krüger,great-great-great-great-grandson,Magnus Nielsen,/wiki/Magnus_Nielsen
Sebastian Krüger,great-great-great-great-grandson,Martha Nielsen,/wiki/Martha_Nielsen
Agnes Nielsen,Father,Bartosz Tiedemann,/wiki/Bartosz_Tiedemann
Agnes Nielsen,Mother,Silja Tiedemann,/wiki/Silja_Tiedemann
Agnes Nielsen,Son,Tronte Nielsen,/wiki/Tronte_Nielsen
Agnes Nielsen,Brother,Noah,/wiki/Noah
Agnes Nielsen,possible lover,The Unknown,/wiki/The_Unknown
Agnes Nielsen,Daughter-In-Law,Jana Nielsen,/wiki/Jana_Nielsen
Agnes Nielsen,Grandson,Ulrich Nielsen,/wiki/Ulrich_Nielsen
Agnes Nielsen,Grandson,Mads Nielsen,/wiki/Mads_Nielsen
Agnes Nielsen,Great-Grandson,Magnus Nielsen,/wiki/Magnus_Nielsen
Agnes Nielsen,Great-Granddaughter,Martha Nielsen,/wiki/Martha_Nielsen
Agnes Nielsen,Great-Grandson,Mikkel Nielsen,/wiki/Mikkel_Nielsen
Agnes Nielsen,Uncle/Great-Great-Grandson,Jonas Kahnwald,/wiki/Jonas_Kahnwald
Agnes Nielsen,Grandfather/Great-Great-Grandfather,Egon Tiedemann,/wiki/Egon_Tiedemann
Agnes Nielsen,Grandmother,Hannah Kahnwald,/wiki/Hannah_Kahnwald
Agnes Nielsen,Grandfather,Aleksander Tiedemann,/wiki/Aleksander_Tiedemann
Agnes Nielsen,Grandmother,Regina Tiedemann,/wiki/Regina_Tiedemann
Agnes Nielsen,Aunt/Great-Grandmother,Claudia Tiedemann,/wiki/Claudia_Tiedemann
Agnes Nielsen,Great-Grandfather,Sebastian Krüger,/wiki/Sebastian_Kr%C3%BCger
Agnes Nielsen,Great-Great-Grandmother/Lover,Doris Tiedemann,/wiki/Doris_Tiedemann
Katharina Nielsen,mother,Helene Albers,/wiki/Helene_Albers
Katharina Nielsen,father,Hermann Albers,/wiki/Hermann_Albers
Katharina Nielsen,husband/great-great-grandson/great-great-great-grandson,Ulrich Nielsen,/wiki/Ulrich_Nielsen
Katharina Nielsen,son,Magnus Nielsen,/wiki/Magnus_Nielsen
Katharina Nielsen,daughter,Martha Nielsen,/wiki/Martha_Nielsen
Katharina Nielsen,son,Mikkel Nielsen,/wiki/Mikkel_Nielsen
Katharina Nielsen,mother-in-law,Jana Nielsen,/wiki/Jana_Nielsen
Katharina Nielsen,father-in-law/great-grandson/great-great-grandson,Tronte Nielsen,/wiki/Tronte_Nielsen
Katharina Nielsen,brother-in-law/great-great-grandson/great-great-great-grandson,Mads Nielsen,/wiki/Mads_Nielsen
Katharina Nielsen,daughter-in-law,Hannah Kahnwald,/wiki/Hannah_Kahnwald
Katharina Nielsen,grandson,Jonas Kahnwald,/wiki/Jonas_Kahnwald
Katharina Nielsen,grandson/great-grandson,The Unknown,/wiki/The_Unknown
Magnus Nielsen,Father,Ulrich Nielsen,/wiki/Ulrich_Nielsen
Magnus Nielsen,Mother,Katharina Nielsen,/wiki/Katharina_Nielsen
Magnus Nielsen,Sister,Martha Nielsen,/wiki/Martha_Nielsen
Magnus Nielsen,Brother,Mikkel Nielsen,/wiki/Mikkel_Nielsen
Magnus Nielsen,Grandmother,Jana Nielsen,/wiki/Jana_Nielsen
Magnus Nielsen,Grandfather,Tronte Nielsen,/wiki/Tronte_Nielsen
Magnus Nielsen,Great-Grandmother,Agnes Nielsen,/wiki/Agnes_Nielsen
Magnus Nielsen,Uncle,Mads Nielsen,/wiki/Mads_Nielsen
Magnus Nielsen,Nephew,Jonas Kahnwald,/wiki/Jonas_Kahnwald
Magnus Nielsen,Sister-in-law,Hannah Kahnwald,/wiki/Hannah_Kahnwald
Magnus Nielsen,Great-grand-uncle,Noah,/wiki/Noah
Magnus Nielsen,First cousin; twice removed,Charlotte Doppler,/wiki/Charlotte_Doppler
Magnus Nielsen,Second cousin; once removed; Girlfriend,Franziska Doppler,/wiki/Franziska_Doppler
Magnus Nielsen,Second cousin; once removed,Elisabeth Doppler,/wiki/Elisabeth_Doppler
Mikkel Nielsen,Wife,Hannah Kahnwald,/wiki/Hannah_Kahnwald
Mikkel Nielsen,Son,Jonas Kahnwald,/wiki/Jonas_Kahnwald
Mikkel Nielsen,Father,Ulrich Nielsen,/wiki/Ulrich_Nielsen
Mikkel Nielsen,Mother,Katharina Nielsen,/wiki/Katharina_Nielsen
Mikkel Nielsen,Adoptive Mother,Ines Kahnwald,/wiki/Ines_Kahnwald
Mikkel Nielsen,Grandfather,Tronte Nielsen,/wiki/Tronte_Nielsen
Mikkel Nielsen,Grandmother,Jana Nielsen,/wiki/Jana_Nielsen
Mikkel Nielsen,Sister,Martha Nielsen,/wiki/Martha_Nielsen
Mikkel Nielsen,Brother,Magnus Nielsen,/wiki/Magnus_Nielsen
Mikkel Nielsen,Uncle,Mads Nielsen,/wiki/Mads_Nielsen
Mikkel Nielsen,Great-grandmother,Agnes Nielsen,/wiki/Agnes_Nielsen
Mikkel Nielsen,Great-grand-uncle,Noah,/wiki/Noah
Mikkel Nielsen,First cousin; twice removed,Charlotte Doppler,/wiki/Charlotte_Doppler
Mikkel Nielsen,Second cousin; once removed,Franziska Doppler,/wiki/Franziska_Doppler
Mikkel Nielsen,Second cousin; once removed,Elisabeth Doppler,/wiki/Elisabeth_Doppler
Tronte Nielsen,mother,Agnes Nielsen,/wiki/Agnes_Nielsen
Tronte Nielsen,father,The Unknown,/wiki/The_Unknown
Tronte Nielsen,wife,Jana Nielsen,/wiki/Jana_Nielsen
Tronte Nielsen,uncle,Noah,/wiki/Noah
Tronte Nielsen,son,Ulrich Nielsen,/wiki/Ulrich_Nielsen
Tronte Nielsen,son,Mads Nielsen,/wiki/Mads_Nielsen
Tronte Nielsen,grandsom,Magnus Nielsen,/wiki/Magnus_Nielsen
Tronte Nielsen,granddaughter,Martha Nielsen,/wiki/Martha_Nielsen
Tronte Nielsen,grandson,Mikkel Nielsen,/wiki/Mikkel_Nielsen
Tronte Nielsen,Great-Grandson,Jonas Kahnwald,/wiki/Jonas_Kahnwald
Tronte Nielsen,Daughter-In-Law,Katharina Nielsen,/wiki/Katharina_Nielsen
Tronte Nielsen,Cousin,Charlotte Doppler,/wiki/Charlotte_Doppler
Tronte Nielsen,Cousin-in-law,Peter Doppler,/wiki/Peter_Doppler
Tronte Nielsen,First cousin; once removed,Franziska Doppler,/wiki/Franziska_Doppler
Tronte Nielsen,First cousin; once removed,Elisabeth Doppler,/wiki/Elisabeth_Doppler
Tronte Nielsen,Ex-lover,Claudia Tiedemann,/wiki/Claudia_Tiedemann
Ulrich Nielsen,Grandmother,Agnes Nielsen,/wiki/Agnes_Nielsen
Ulrich Nielsen,Mother,Jana Nielsen,/wiki/Jana_Nielsen
Ulrich Nielsen,Father,Tronte Nielsen,/wiki/Tronte_Nielsen
Ulrich Nielsen,Brother,Mads Nielsen,/wiki/Mads_Nielsen
Ulrich Nielsen,Wife,Katharina Nielsen,/wiki/Katharina_Nielsen
Ulrich Nielsen,Son,Magnus Nielsen,/wiki/Magnus_Nielsen
Ulrich Nielsen,Daughter,Martha Nielsen,/wiki/Martha_Nielsen
Ulrich Nielsen,Son,Mikkel Nielsen,/wiki/Mikkel_Nielsen
Ulrich Nielsen,Grandson,Jonas Kahnwald,/wiki/Jonas_Kahnwald
Ulrich Nielsen,Great-uncle,Noah,/wiki/Noah
Ulrich Nielsen,Daughter-In-Law/Affair,Hannah Kahnwald,/wiki/Hannah_Kahnwald
Ulrich Nielsen,First cousin; once removed,Charlotte Doppler,/wiki/Charlotte_Doppler
Ulrich Nielsen,First cousin; twice removed,Franziska Doppler,/wiki/Franziska_Doppler
Ulrich Nielsen,First cousin; twice removed,Elisabeth Doppler,/wiki/Elisabeth_Doppler
Mads Nielsen,Mother,Jana Nielsen,/wiki/Jana_Nielsen
Mads Nielsen,Father,Tronte Nielsen,/wiki/Tronte_Nielsen
Mads Nielsen,Brother,Ulrich Nielsen,/wiki/Ulrich_Nielsen
Mads Nielsen,Grandmother,Agnes Nielsen,/wiki/Agnes_Nielsen
Mads Nielsen,Sister-In-Law,Katharina Nielsen,/wiki/Katharina_Nielsen
Mads Nielsen,Nephew,Magnus Nielsen,/wiki/Magnus_Nielsen
Mads Nielsen,Niece,Martha Nielsen,/wiki/Martha_Nielsen
Mads Nielsen,Nephew,Mikkel Nielsen,/wiki/Mikkel_Nielsen
Mads Nielsen,Grand Nephew,Jonas Kahnwald,/wiki/Jonas_Kahnwald
Mads Nielsen,First cousin; once removed,Charlotte Doppler,/wiki/Charlotte_Doppler
Mads Nielsen,First cousin; twice removed,Franziska Doppler,/wiki/Franziska_Doppler
Mads Nielsen,First cousin; twice removed,Elisabeth Doppler,/wiki/Elisabeth_Doppler
Bernd Doppler,wife,Greta Doppler,/wiki/Greta_Doppler
Bernd Doppler,"son, not biological",Helge Doppler,/wiki/Helge_Doppler
Bernd Doppler,daughter in Origin World,Regina Tiedemann,/wiki/Regina_Tiedemann
Bernd Doppler,wife in Origin World,Origin World,/wiki/Origin_World
Charlotte Doppler,husband/grandfather,Peter Doppler,/wiki/Peter_Doppler
Charlotte Doppler,daughter/aunt,Franziska Doppler,/wiki/Franziska_Doppler
Charlotte Doppler,daughter/mother,Elisabeth Doppler,/wiki/Elisabeth_Doppler
Charlotte Doppler,father/great-grandfather,Noah,/wiki/Noah
Charlotte Doppler,grandfather,Bartosz Tiedemann,/wiki/Bartosz_Tiedemann
Charlotte Doppler,grandmother,Silja Tiedemann,/wiki/Silja_Tiedemann
Charlotte Doppler,adoptive-grandfather,H.G. Tannhaus,/wiki/H.G._Tannhaus
Charlotte Doppler,great-grandfather,Aleksander Tiedemann,/wiki/Aleksander_Tiedemann
Charlotte Doppler,great-grandmother,Regina Tiedemann,/wiki/Regina_Tiedemann
Charlotte Doppler,great-great-grandfather,Claudia Tiedemann,/wiki/Claudia_Tiedemann
Charlotte Doppler,great-great-great-grandfather,Egon Tiedemann,/wiki/Egon_Tiedemann
Charlotte Doppler,great-great-great-grandmother,Doris Tiedemann,/wiki/Doris_Tiedemann
Charlotte Doppler,aunt,Agnes Nielsen,/wiki/Agnes_Nielsen
Charlotte Doppler,cousin,Tronte Nielsen,/wiki/Tronte_Nielsen
Charlotte Doppler,first cousin; once removed,Ulrich Nielsen,/wiki/Ulrich_Nielsen
Charlotte Doppler,first cousin; once removed,Mads Nielsen,/wiki/Mads_Nielsen
Charlotte Doppler,first cousin; twice removed,Magnus Nielsen,/wiki/Magnus_Nielsen
Charlotte Doppler,first cousin; twice removed,Martha Nielsen,/wiki/Martha_Nielsen
Charlotte Doppler,first cousin; twice removed,Mikkel Nielsen,/wiki/Michael_Kahnwald
Charlotte Doppler,first cousin; thrice removed,Jonas Kahnwald,/wiki/Jonas_Kahnwald
Elisabeth Doppler,father/son-in-law,Peter Doppler,/wiki/Peter_Doppler
Elisabeth Doppler,mother/daughter,Charlotte Doppler,/wiki/Charlotte_Doppler
Elisabeth Doppler,sister/granddaughter,Franziska Doppler,/wiki/Franziska_Doppler
Elisabeth Doppler,great-grandmother/mother-in-law,Silja,/wiki/Silja
Elisabeth Doppler,grandfather/lover,Noah,/wiki/Noah
Elisabeth Doppler,adoptive great-grandfather,H.G. Tannhaus,/wiki/H.G._Tannhaus
Elisabeth Doppler,great-aunt,Agnes Nielsen,/wiki/Agnes_Nielsen
Elisabeth Doppler,first cousin; once removed,Tronte Nielsen,/wiki/Tronte_Nielsen
Elisabeth Doppler,second cousin,Ulrich Nielsen,/wiki/Ulrich_Nielsen
Elisabeth Doppler,second cousin,Mads Nielsen,/wiki/Mads_Nielsen
Elisabeth Doppler,second cousin; once removed,Magnus Nielsen,/wiki/Magnus_Nielsen
Elisabeth Doppler,second cousin; once removed,Martha Nielsen,/wiki/Martha_Nielsen
Elisabeth Doppler,second cousin; once removed,Mikkel Nielsen,/wiki/Michael_Kahnwald
Elisabeth Doppler,second cousin; twice removed,Jonas Kahnwald,/wiki/Jonas_Kahnwald
Franziska Doppler,father,Peter Doppler,/wiki/Peter_Doppler
Franziska Doppler,mother/niece,Charlotte Doppler,/wiki/Charlotte_Doppler
Franziska Doppler,sister/grandmother,Elisabeth Doppler,/wiki/Elisabeth_Doppler
Franziska Doppler,grandfather,Helge Doppler,/wiki/Helge_Doppler
Franziska Doppler,grandfather,Noah,/wiki/Noah
Franziska Doppler,adoptive great-grandfather,H.G. Tannhaus,/wiki/H.G._Tannhaus
Franziska Doppler,great-aunt,Agnes Nielsen,/wiki/Agnes_Nielsen
Franziska Doppler,first cousin; once removed,Tronte Nielsen,/wiki/Tronte_Nielsen
Franziska Doppler,second cousin,Ulrich Nielsen,/wiki/Ulrich_Nielsen
Franziska Doppler,second cousin,Mads Nielsen,/wiki/Mads_Nielsen
Franziska Doppler,second cousin; once removed/ Boyfriend,Magnus Nielsen,/wiki/Magnus_Nielsen
Franziska Doppler,second cousin; once removed,Martha Nielsen,/wiki/Martha_Nielsen
Franziska Doppler,second cousin; once removed,Mikkel Nielsen,/wiki/Michael_Kahnwald
Franziska Doppler,second cousin; twice removed,Jonas Kahnwald,/wiki/Jonas_Kahnwald
Greta Doppler,Husband,Bernd Doppler,/wiki/Bernd_Doppler
Greta Doppler,Son,Helge Doppler,/wiki/Helge_Doppler
Greta Doppler,Daughter- In Law,Ulla Schmidt,/wiki/Ulla_Schmidt
Greta Doppler,Grandson,Peter Doppler,/wiki/Peter_Doppler
Greta Doppler,Granddaughter- In Law,Charlotte Doppler,/wiki/Charlotte_Doppler
Greta Doppler,Great-Granddaughter,Franziska Doppler,/wiki/Franziska_Doppler
Greta Doppler,Great-Granddaughter,Elisabeth Doppler,/wiki/Elisabeth_Doppler
Helge Doppler,adoptive father,Bernd Doppler,/wiki/Bernd_Doppler
Helge Doppler,mother,Greta Doppler,/wiki/Greta_Doppler
Helge Doppler,son,Peter Doppler,/wiki/Peter_Doppler
Helge Doppler,daughter-in-law/great-granddaughter,Charlotte Doppler,/wiki/Charlotte_Doppler
Helge Doppler,Granddaughter,Franziska Doppler,/wiki/Franziska_Doppler
Helge Doppler,Granddaughter,Elisabeth Doppler,/wiki/Elisabeth_Doppler
Peter Doppler,father,Helge Doppler,/wiki/Helge_Doppler
Peter Doppler,mother,Charlotte Doppler,/wiki/Charlotte_Doppler
Peter Doppler,wife/granddaughter,Franziska Doppler,/wiki/Franziska_Doppler
Peter Doppler,daughter,Elisabeth Doppler,/wiki/Elisabeth_Doppler
Peter Doppler,daughter/mother-in-law,Benni,/wiki/Benni
Peter Doppler,girlfriend Original World,Original World,/wiki/Original_World
Erik Obendorf,mother,Jürgen Obendorf,/wiki/J%C3%BCrgen_Obendorf
Erik Obendorf,brother in 2.0,Ulla Obendorf,/wiki/Ulla_Obendorf
Silja Tiedemann,mother/great-great-granddaughter-in-law,Hannah Kahnwald,/wiki/Hannah_Kahnwald
Silja Tiedemann,father,Egon Tiedemann,/wiki/Egon_Tiedemann
Silja Tiedemann,half-brother/great-great-great-grandson,Jonas Kahnwald,/wiki/Jonas_Kahnwald
Silja Tiedemann,half-sister/grandmother-in-law,Claudia Tiedemann,/wiki/Claudia_Tiedemann
Silja Tiedemann,husband/half-great-nephew,Bartosz Tiedemann,/wiki/Bartosz_Tiedemann
Silja Tiedemann,son,Hanno Tauber,/wiki/Hanno_Tauber
Silja Tiedemann,daughter,Agnes Nielsen,/wiki/Agnes_Nielsen
Silja Tiedemann,half-niece/mother-in-law,Regina Tiedemann,/wiki/Regina_Tiedemann
Silja Tiedemann,granddaughter,Charlotte Doppler,/wiki/Charlotte_Doppler
Silja Tiedemann,grandson-in-law,Peter Doppler,/wiki/Peter_Doppler
Silja Tiedemann,great-granddaughter,Franziska Doppler,/wiki/Franziska_Doppler
Silja Tiedemann,daughter-in-law/great-granddaughter,Elisabeth Doppler,/wiki/Elisabeth_Doppler
Silja Tiedemann,grandson,Tronte Nielsen,/wiki/Tronte_Nielsen
Silja Tiedemann,granddaughter-in-law,Jana Nielsen,/wiki/Jana_Nielsen
Silja Tiedemann,great-grandson,Ulrich Nielsen,/wiki/Ulrich_Nielsen
Silja Tiedemann,great-grandson,Mads Nielsen,/wiki/Mads_Nielsen
Silja Tiedemann,great-granddaughter-in-law,Katharina Nielsen,/wiki/Katharina_Nielsen
Silja Tiedemann,great-great-grandson,Magnus Nielsen,/wiki/Magnus_Nielsen
Silja Tiedemann,great-great-granddaughter,Martha Nielsen,/wiki/Martha_Nielsen
Silja Tiedemann,great-great-grandson,Michael Kahnwald,/wiki/Michael_Kahnwald
Silja Tiedemann,great-great-great-grandson/great-great-great-great-grandson,The Unknown,/wiki/The_Unknown
H.G. Tannhaus,son,Marek Tannhaus,/wiki/Marek_Tannhaus
H.G. Tannhaus,daughter-in-law,Charlotte Doppler,/wiki/Charlotte_Doppler
H.G. Tannhaus,granddaughter,Adam,/wiki/Adam%27s_World
H.G. Tannhaus,adoptive granddaughter,Eva's World,/wiki/Eva%27s_World
H.G. Tannhaus,father,Leopold Tannhaus,
H.G. Tannhaus,grandfather,Gustav Tannhaus,/wiki/Gustav_Tannhaus
H.G. Tannhaus,great-grandfather,Heinrich Tannhaus,/wiki/Heinrich_Tannhaus
The Unknown,mother/great-granddaughter,Martha Nielsen,/wiki/Martha_Nielsen_(Eva%27s_World)
The Unknown,father/cousin/great-great-grandson,Jonas Kahnwald,/wiki/Jonas_Kahnwald
The Unknown,son,Tronte Nielsen,/wiki/Tronte_Nielsen
The Unknown,daughter-in-law,Jana Nielsen,/wiki/Jana_Nielsen
The Unknown,grandfather/great-grandson/uncle,Michael Kahnwald,/wiki/Michael_Kahnwald
The Unknown,grandmother/great-great-great-great-grandmother/great-great-great-great-great-grandmother,Hannah Kahnwald,/wiki/Hannah_Kahnwald
The Unknown,grandfather/great-grandfather/grandson,Ulrich Nielsen,/wiki/Ulrich_Nielsen
The Unknown,grandmother/great-grandmother,Katharina Nielsen,/wiki/Katharina_Nielsen
The Unknown,great-grandmother/great-great-grandmother,Helene Albers,/wiki/Helene_Albers
The Unknown,great-grandfather/great-great-grandfather,Hermann Albers,/wiki/Hermann_Albers
The Unknown,grandson/great-uncle/great-great-uncle,Mads Nielsen,/wiki/Mads_Nielsen
The Unknown,great-granddaughter/great-aunt,Martha Nielsen,/wiki/Martha_Nielsen
The Unknown,great-grandson/uncle/great-uncle,Magnus Nielsen,/wiki/Magnus_Nielsen
The Unknown,great-great-great-grandfather/great-great-great-great-grandfather,Bartosz Tiedemann,/wiki/Bartosz_Tiedemann
The Unknown,great-great-great-grandmother/great-great-great-great-grandmother,Silja Tiedemann,/wiki/Silja_Tiedemann
The Unknown,great-great-great-great-grandfather/great-great-great-great-great-grandfather,Aleksander Tiedemann,/wiki/Aleksander_Tiedemann
The Unknown,great-great-great-great-grandmother/great-great-great-great-great-grandmother,Regina Tiedemann,/wiki/Regina_Tiedemann
The Unknown,great-great-great-great-grandfather/great-great-great-great-great-grandfather/great-great-great-great-great-great-grandfather/great-great-great-great-great-great-great-grandfather,Egon Tiedemann,/wiki/Egon_Tiedemann
The Unknown,great-great-great-great-great-grandmother/great-great-great-great-great-great-grandmother,Claudia Tiedemann,/wiki/Claudia_Tiedemann
The Unknown,great-great-great-great-great-grandfather/great-great-great-great-great-great-grandfather,Bernd Doppler,/wiki/Bernd_Doppler
The Unknown,great-great-great-great-great-great-grandmother/great-great-great-great-great-great-great-grandmother,Doris Tiedemann,/wiki/Doris_Tiedemann
Aleksander Tiedemann,Wife,Regina Tiedemann,/wiki/Regina_Tiedemann
Aleksander Tiedemann,Son,Bartosz Tiedemann,/wiki/Bartosz_Tiedemann
Aleksander Tiedemann,Grandson,Hanno Tauber,/wiki/Hanno_Tauber
Aleksander Tiedemann,Granddaughter,Agnes Nielsen,/wiki/Agnes_Nielsen
Aleksander Tiedemann,Great-Grandson,Tronte Nielsen,/wiki/Tronte_Nielsen
Aleksander Tiedemann,Great-Granddaughter,Charlotte Doppler,/wiki/Charlotte_Doppler
Aleksander Tiedemann,Great-Great-Grandson,Ulrich Nielsen,/wiki/Ulrich_Nielsen
Aleksander Tiedemann,Great-Great-Grandson,Mads Nielsen,/wiki/Mads_Nielsen
Aleksander Tiedemann,Great-Great-Granddaughter,Franziska Doppler,/wiki/Franziska_Doppler
Aleksander Tiedemann,Great-Great-Granddaughter,Elisabeth Doppler,/wiki/Elisabeth_Doppler
Aleksander Tiedemann,Great-Great-Great-Grandson,Magnus Nielsen,/wiki/Magnus_Nielsen
Aleksander Tiedemann,Great-Great-Great-Granddaughter,Martha Nielsen,/wiki/Martha_Nielsen
Aleksander Tiedemann,Great-Great-Great-Grandson,Mikkel Nielsen,/wiki/Michael_Kahnwald
Aleksander Tiedemann,Great-Great-Great-Great-Grandson,Jonas Kahnwald,/wiki/Jonas_Kahnwald
Aleksander Tiedemann,Mother-In-Law,Claudia Tiedemann,/wiki/Claudia_Tiedemann
Aleksander Tiedemann,Daughter-In-Law/Aunt-In-Law,Silja Tiedemann,/wiki/Silja_Tiedemann
Bartosz Tiedemann,Mother,Regina Tiedemann,/wiki/Regina_Tiedemann
Bartosz Tiedemann,Father,Aleksander Tiedemann,/wiki/Aleksander_Tiedemann
Bartosz Tiedemann,Wife/Great-Aunt,Silja Tiedemann,/wiki/Silja_Tiedemann
Bartosz Tiedemann,Son,Hanno Tauber,/wiki/Hanno_Tauber
Bartosz Tiedemann,Daughter,Agnes Nielsen,/wiki/Agnes_Nielsen
Bartosz Tiedemann,Granddaughter,Charlotte Doppler,/wiki/Charlotte_Doppler
Bartosz Tiedemann,Grandson,Tronte Nielsen,/wiki/Tronte_Nielsen
Bartosz Tiedemann,Great-Grandson,Ulrich Nielsen,/wiki/Ulrich_Nielsen
Bartosz Tiedemann,Great-Grandson,Mads Nielsen,/wiki/Mads_Nielsen
Bartosz Tiedemann,Great-Granddaughter,Franziska Doppler,/wiki/Franziska_Doppler
Bartosz Tiedemann,Great-Granddaughter,Elisabeth Doppler,/wiki/Elisabeth_Doppler
Bartosz Tiedemann,Great-Great-Grandson,Magnus Nielsen,/wiki/Magnus_Nielsen
Bartosz Tiedemann,Great-Great-Granddaughter,Martha Nielsen,/wiki/Martha_Nielsen
Bartosz Tiedemann,Great-Great-Grandson,Mikkel Nielsen,/wiki/Michael_Kahnwald
Bartosz Tiedemann,Great-Great-Great-Grandson,Jonas Kahnwald,/wiki/Jonas_Kahnwald
Bartosz Tiedemann,Grandmother/sister-in-law,Claudia Tiedemann,/wiki/Claudia_Tiedemann
Bartosz Tiedemann,grandfather,Bernd Doppler,/wiki/Bernd_Doppler
Bartosz Tiedemann,Great-Grandfather/father-in-law,Egon Tiedemann,/wiki/Egon_Tiedemann
Bartosz Tiedemann,Great-Grandmother,Doris Tiedemann,/wiki/Doris_Tiedemann
Claudia Tiedemann,father,Egon Tiedemann,/wiki/Egon_Tiedemann
Claudia Tiedemann,mother,Doris Tiedemann,/wiki/Doris_Tiedemann
Claudia Tiedemann,affair,Bernd Doppler,/wiki/Bernd_Doppler
Claudia Tiedemann,daughter,Regina Tiedemann,/wiki/Regina_Tiedemann
Claudia Tiedemann,half-sister,Silja Tiedemann,/wiki/Silja_Tiedemann
Claudia Tiedemann,son-in-law,Aleksander Tiedemann,/wiki/Aleksander_Tiedemann
Claudia Tiedemann,Grandson,Bartosz Tiedemann,/wiki/Bartosz_Tiedemann
Claudia Tiedemann,great-grandson,Hanno Tauber,/wiki/Hanno_Tauber
Claudia Tiedemann,great-granddaughter,Agnes Nielsen,/wiki/Agnes_Nielsen
Claudia Tiedemann,great-great-granddaughter,Charlotte Doppler,/wiki/Charlotte_Doppler
Claudia Tiedemann,great-great-grandson/former affair,Tronte Nielsen,/wiki/Tronte_Nielsen
Claudia Tiedemann,great-great-great-granddaughter,Franziska Doppler,/wiki/Franziska_Doppler
Claudia Tiedemann,great-great-great-granddaughter,Elisabeth Doppler,/wiki/Elisabeth_Doppler
Claudia Tiedemann,great-great-great-grandson,Ulrich Nielsen,/wiki/Ulrich_Nielsen
Claudia Tiedemann,great-great-great-grandson,Mads Nielsen,/wiki/Mads_Nielsen
Claudia Tiedemann,great-great-great-great-grandson,Magnus Nielsen,/wiki/Magnus_Nielsen
Claudia Tiedemann,great-great-great-great-granddaughter,Martha Nielsen,/wiki/Martha_Nielsen
Claudia Tiedemann,great-great-great-great-grandson,Michael Kahnwald,/wiki/Michael_Kahnwald
Claudia Tiedemann,great-great-great-great-great-grandson,Jonas Kahnwald,/wiki/Jonas_Kahnwald
Claudia Tiedemann,great-great-great-great-great-grandson/great-great-great-great-great-great-grandson,The Unknown,/wiki/The_Unknown
Doris Tiedemann,ex-husband,Egon Tiedemann,/wiki/Egon_Tiedemann
Doris Tiedemann,daughter,Claudia Tiedemann,/wiki/Claudia_Tiedemann
Doris Tiedemann,granddaughter,Regina Tiedemann,/wiki/Regina_Tiedemann
Doris Tiedemann,great-grandson,Bartosz Tiedemann,/wiki/Bartosz_Tiedemann
Doris Tiedemann,great-great-grandson,Hanno Tauber,/wiki/Hanno_Tauber
Doris Tiedemann,lover/great-great-granddaughter,Agnes Nielsen,/wiki/Agnes_Nielsen
Doris Tiedemann,great-great-great-granddaughter,Charlotte Doppler,/wiki/Charlotte_Doppler
Doris Tiedemann,great-great-great-grandson,Tronte Nielsen,/wiki/Tronte_Nielsen
Doris Tiedemann,great-great-great-great-granddaughter,Franziska Doppler,/wiki/Franziska_Doppler
Doris Tiedemann,great-great-great-great-granddaughter,Elisabeth Doppler,/wiki/Elisabeth_Doppler
Doris Tiedemann,great-great-great-great-grandson,Ulrich Nielsen,/wiki/Ulrich_Nielsen
Doris Tiedemann,great-great-great-great-grandson,Mads Nielsen,/wiki/Mads_Nielsen
Doris Tiedemann,great-great-great-great-great-grandson,Magnus Nielsen,/wiki/Magnus_Nielsen
Doris Tiedemann,great-great-great-great-great-granddaughter,Martha Nielsen,/wiki/Martha_Nielsen
Doris Tiedemann,great-great-great-great-great-grandson,Michael Kahnwald,/wiki/Michael_Kahnwald
Doris Tiedemann,great-great-great-great-great-great-grandson,Jonas Kahnwald,/wiki/Jonas_Kahnwald
Doris Tiedemann,great-great-great-great-great-great-grandson/great-great-great-great-great-great-great-grandson,The Unknown,/wiki/The_Unknown
Egon Tiedemann,ex-wife,Doris Tiedemann,/wiki/Doris_Tiedemann
Egon Tiedemann,affair,Hannah Kahnwald,/wiki/Hannah_Kahnwald
Egon Tiedemann,daughter,Claudia Tiedemann,/wiki/Claudia_Tiedemann
Egon Tiedemann,daughter/great-granddaughter-in-law,Silja Tiedemann,/wiki/Silja_Tiedemann
Egon Tiedemann,granddaughter,Regina Tiedemann,/wiki/Regina_Tiedemann
Egon Tiedemann,great-grandson,Bartosz Tiedemann,/wiki/Bartosz_Tiedemann
Egon Tiedemann,grandson/great-great-grandson,Hanno Tauber,/wiki/Hanno_Tauber
Egon Tiedemann,granddaughter/great-great-granddaughter,Agnes Nielsen,/wiki/Agnes_Nielsen
Egon Tiedemann,great-granddaughter/great-great-great-granddaughter,Charlotte Doppler,/wiki/Charlotte_Doppler
Egon Tiedemann,great-great-granddaughter/great-great-great-great-granddaughter,Franziska Doppler,/wiki/Franziska_Doppler
Egon Tiedemann,great-great-granddaughter/great-great-great-great-granddaughter,Elisabeth Doppler,/wiki/Elisabeth_Doppler
Egon Tiedemann,great-grandson/great-great-great-grandson,Tronte Nielsen,/wiki/Tronte_Nielsen
Egon Tiedemann,great-great-grandson/great-great-great-great-grandson,Ulrich Nielsen,/wiki/Ulrich_Nielsen
Egon Tiedemann,great-great-grandson/great-great-great-great-grandson,Mads Nielsen,/wiki/Mads_Nielsen
Egon Tiedemann,great-great-great-grandson/great-great-great-great-great-grandson,Magnus Nielsen,/wiki/Magnus_Nielsen
Egon Tiedemann,great-great-great-granddaughter/great-great-great-great-great-granddaughter,Martha Nielsen,/wiki/Martha_Nielsen
Egon Tiedemann,great-great-great-grandson/great-great-great-great-great-grandson,Michael Kahnwald,/wiki/Michael_Kahnwald
Egon Tiedemann,great-great-great-great-grandson/great-great-great-great-great-great-grandson,Jonas Kahnwald,/wiki/Jonas_Kahnwald
Egon Tiedemann,great-great-great-great-grandson/great-great-great-great-great-grandson/great-great-great-great-great-great-grandson,The Unknown,/wiki/The_Unknown
Regina Tiedemann,Mother,Claudia Tiedemann,/wiki/Claudia_Tiedemann
Regina Tiedemann,Father,Bernd Doppler,/wiki/Bernd_Doppler
Regina Tiedemann,Grandmother,Doris Tiedemann,/wiki/Doris_Tiedemann
Regina Tiedemann,Grandfather,Egon Tiedemann,/wiki/Egon_Tiedemann
Regina Tiedemann,Aunt/Daughter-In-Law,Silja Tiedemann,/wiki/Silja_Tiedemann
Regina Tiedemann,Husband,Aleksander Tiedemann,/wiki/Aleksander_Tiedemann
Regina Tiedemann,Son,Bartosz Tiedemann,/wiki/Bartosz_Tiedemann
Regina Tiedemann,Grandson,Hanno Tauber,/wiki/Hanno_Tauber
Regina Tiedemann,Granddaughter,Agnes Nielsen,/wiki/Agnes_Nielsen
Regina Tiedemann,Great-Grandson,Tronte Nielsen,/wiki/Tronte_Nielsen
Regina Tiedemann,Great-Granddaughter,Charlotte Doppler,/wiki/Charlotte_Doppler
Regina Tiedemann,Great-Great-Grandson,Ulrich Nielsen,/wiki/Ulrich_Nielsen
Regina Tiedemann,Great-Great-Grandson,Mads Nielsen,/wiki/Mads_Nielsen
Regina Tiedemann,Great-Great-Granddaughter,Franziska Doppler,/wiki/Franziska_Doppler
Regina Tiedemann,Great-Great-Granddaughter,Elisabeth Doppler,/wiki/Elisabeth_Doppler
Regina Tiedemann,Great-Great-Great-Grandson,Magnus Nielsen,/wiki/Magnus_Nielsen
Regina Tiedemann,Great-Great-Great-Granddaughter,Martha Nielsen,/wiki/Martha_Nielsen
Regina Tiedemann,Great-Great-Great-Grandson,Mikkel Nielsen,/wiki/Michael_Kahnwald
Regina Tiedemann,Great-Great-Great-Great-Grandson,Jonas Kahnwald,/wiki/Jonas_Kahnwald
Jonas Kahnwald,mother/great-great-great-great-grandmother,Hannah Kahnwald,/wiki/Hannah_Kahnwald
Jonas Kahnwald,father/great-great-grandson,Michael Kahnwald,/wiki/Michael_Kahnwald
Jonas Kahnwald,half-sister/great-great-great-grandmother,Silja Tiedemann,/wiki/Silja_Tiedemann
Jonas Kahnwald,son/great-great-grandfather,The Unknown,/wiki/The_Unknown
Jonas Kahnwald,grandfather,Sebastian Krüger,/wiki/Sebastian_Kr%C3%BCger
Jonas Kahnwald,grandfather/great-grandson,Ulrich Nielsen,/wiki/Ulrich_Nielsen
Jonas Kahnwald,grandmother,Katharina Nielsen,/wiki/Katharina_Nielsen
Jonas Kahnwald,adoptive grandmother,Ines Kahnwald,/wiki/Ines_Kahnwald
Jonas Kahnwald,great-grandfather/grandson,Tronte Nielsen,/wiki/Tronte_Nielsen
Jonas Kahnwald,great-grandmother,Jana Nielsen,/wiki/Jana_Nielsen
Jonas Kahnwald,great-grandmother,Helene Albers,/wiki/Helene_Albers
Jonas Kahnwald,great-grandfather,Hermann Albers,/wiki/Hermann_Albers
Jonas Kahnwald,adoptive great-grandfather †,Daniel Kahnwald,/wiki/Daniel_Kahnwald
Jonas Kahnwald,great-great-grandmother,Agnes Nielsen,/wiki/Agnes_Nielsen
Jonas Kahnwald,great-uncle/great-grandson,Mads Nielsen,/wiki/Mads_Nielsen
Jonas Kahnwald,uncle/great-great-grandson,Magnus Nielsen,/wiki/Magnus_Nielsen
Jonas Kahnwald,aunt/great-great-granddaughter/lover,Martha Nielsen,/wiki/Martha_Nielsen
Jonas Kahnwald,great-great-great-uncle,Hanno Tauber,/wiki/Hanno_Tauber
Jonas Kahnwald,"first cousin, thrice removed",Charlotte Doppler,/wiki/Charlotte_Doppler
Jonas Kahnwald,"second cousin, twice removed",Franziska Doppler,/wiki/Franziska_Doppler
Jonas Kahnwald,"second cousin, twice removed",Elisabeth Doppler,/wiki/Elisabeth_Doppler
Jonas Kahnwald,great-great-great-grandfather,Bartosz Tiedemann,/wiki/Bartosz_Tiedemann
Jonas Kahnwald,great-great-great-great-grandfather,Aleksander Tiedemann,/wiki/Aleksander_Tiedemann
Jonas Kahnwald,great-great-great-great-grandmother,Regina Tiedemann,/wiki/Regina_Tiedemann
Jonas Kahnwald,great-great-great-great-grandfather/great-great-great-great-great-great-grandfather,Egon Tiedemann,/wiki/Egon_Tiedemann
Jonas Kahnwald,great-great-great-great-great-grandmother,Claudia Tiedemann,/wiki/Claudia_Tiedemann
Jonas Kahnwald,great-great-great-great-great-grandfather,Bernd Doppler,/wiki/Bernd_Doppler
Jonas Kahnwald,great-great-great-great-great-great-grandmother,Doris Tiedemann,/wiki/Doris_Tiedemann
Hanno Tauber,Father/First cousin; once removed,Bartosz Tiedemann,/wiki/Bartosz_Tiedemann
Hanno Tauber,Mother,Silja Tiedemann,/wiki/Silja_Tiedemann
Hanno Tauber,Sister,Agnes Nielsen,/wiki/Agnes_Nielsen
Hanno Tauber,Daughter/great-granddaughter,Charlotte Doppler,/wiki/Charlotte_Doppler
Hanno Tauber,Uncle/Great-great-grand-nephew,Jonas Kahnwald,/wiki/Jonas_Kahnwald
Hanno Tauber,Aunt/Great-grandmother,Claudia Tiedemann,/wiki/Claudia_Tiedemann
Hanno Tauber,Grandmother/Cousin,Regina Tiedemann,/wiki/Regina_Tiedemann
Hanno Tauber,Grandfather,Aleksander Tiedemann,/wiki/Aleksander_Tiedemann
Hanno Tauber,Grandmother,Hannah Kahnwald,/wiki/Hannah_Kahnwald
Hanno Tauber,Grandfather/Great-great-grandfather,Egon Tiedemann,/wiki/Egon_Tiedemann
Hanno Tauber,Great-grandfather,Sebastian Krüger,/wiki/Sebastian_Kr%C3%BCger
Hanno Tauber,Granddaughter,Franziska Doppler,/wiki/Franziska_Doppler
Hanno Tauber,Granddaughter/Lover,Elisabeth Doppler,/wiki/Elisabeth_Doppler
Hanno Tauber,Son-in-law,Peter Doppler,/wiki/Peter_Doppler
Hanno Tauber,Nephew,Tronte Nielsen,/wiki/Tronte_Nielsen
Hanno Tauber,Great-nephew,Ulrich Nielsen,/wiki/Ulrich_Nielsen
Hanno Tauber,Great-nephew,Mads Nielsen,/wiki/Mads_Nielsen
Hanno Tauber,Great-grand-nephew,Magnus Nielsen,/wiki/Magnus_Nielsen
Hanno Tauber,Great-grand-niece,Martha Nielsen,/wiki/Martha_Nielsen
Hanno Tauber,Great-grand-nephew,Mikkel Nielsen,/wiki/Michael_Kahnwald
Martha Nielsen,father,Ulrich Nielsen,/wiki/Ulrich_Nielsen
Martha Nielsen,mother,Katharina Nielsen,/wiki/Katharina_Nielsen
Martha Nielsen,brother,Magnus Nielsen,/wiki/Magnus_Nielsen
Martha Nielsen,brother,Mikkel Nielsen,/wiki/Mikkel_Nielsen
Martha Nielsen,son,The Unknown,/wiki/The_Unknown
Martha Nielsen,grandfather,Tronte Nielsen,/wiki/Tronte_Nielsen
Martha Nielsen,grandmother,Jana Nielsen,/wiki/Jana_Nielsen
Martha Nielsen,great-grandmother,Agnes Nielsen,/wiki/Agnes_Nielsen
Martha Nielsen,uncle,Mads Nielsen,/wiki/Mads_Nielsen
Martha Nielsen,nephew/love interest,Jonas Kahnwald,/wiki/Jonas_Kahnwald
Martha Nielsen,sister-in-law,Hannah Kahnwald,/wiki/Hannah_Kahnwald
Martha Nielsen,great-grand-uncle,Noah,/wiki/Noah
Martha Nielsen,first cousin; twice removed,Charlotte Doppler,/wiki/Charlotte_Doppler
Martha Nielsen,second cousin; once removed,Franziska Doppler,/wiki/Franziska_Doppler
Martha Nielsen,second cousin; once removed,Elisabeth Doppler,/wiki/Elisabeth_Doppler
Martha Nielsen,ex-boyfriend,Bartosz Tiedemann,/wiki/Bartosz_Tiedemann
